City_ID,City,Country,Lat,Lng,Max Temp,Humidity,Cloudiness,Wind Speed,Current Description
0,East London,ZA,-33.0153,27.9116,64.18,70,22,15.32,few clouds
1,College,US,64.8569,-147.8028,53.22,44,20,1.99,few clouds
2,Ushuaia,AR,-54.8,-68.3,42.46,65,40,16.11,scattered clouds
3,Naze,JP,28.3667,129.4833,63.52,74,96,12.17,light rain
4,Stokmarknes,NO,68.5646,14.9108,33.78,80,100,8.05,overcast clouds
5,Bluff,NZ,-46.6,168.3333,49.8,80,99,8.72,overcast clouds
6,Urengoy,RU,65.9667,78.3667,-0.6,99,36,6.4,scattered clouds
7,Puerto Ayora,EC,-0.7393,-90.3518,80.56,81,66,10.0,broken clouds
8,Geraldton,AU,-28.7667,114.6,61.21,51,0,18.41,clear sky
9,Sovetskiy,RU,61.3614,63.5842,25.75,87,63,4.29,broken clouds
10,Roebourne,AU,-20.7833,117.1333,75.22,62,99,10.13,overcast clouds
11,Busselton,AU,-33.65,115.3333,53.6,83,0,4.68,clear sky
12,Kalabo,ZM,-14.97,22.6814,62.33,59,2,5.53,clear sky
13,Faanui,PF,-16.4833,-151.75,81.68,72,2,19.66,light rain
14,Hobart,AU,-42.8794,147.3294,54.27,85,75,1.99,broken clouds
15,Kununurra,AU,-15.7667,128.7333,73.38,88,66,1.14,broken clouds
16,Mataura,NZ,-46.1927,168.8643,49.48,77,99,3.76,overcast clouds
17,Cape Town,ZA,-33.9258,18.4232,59.11,90,75,5.75,broken clouds
18,Ganzhou,CN,28.8184,115.4327,57.42,92,100,4.41,overcast clouds
19,Qui Nhon,VN,13.7667,109.2333,77.99,90,100,4.43,overcast clouds
20,Qaqortoq,GL,60.7167,-46.0333,39.2,87,90,3.53,overcast clouds
21,Saint-Augustin,CA,51.226,-58.6502,36.32,90,100,19.22,overcast clouds
22,Albany,US,42.6001,-73.9662,58.44,15,0,1.99,clear sky
23,Homer,US,59.6425,-151.5483,48.79,53,75,11.01,broken clouds
24,Sitka,US,57.0531,-135.33,48.09,71,40,8.05,scattered clouds
25,Turukhansk,RU,65.8167,87.9833,16.75,81,100,15.41,overcast clouds
26,Shirvan,AZ,39.9509,48.8994,63.66,58,76,4.81,broken clouds
27,Rikitea,PF,-23.1203,-134.9692,76.93,74,99,16.91,light rain
28,Kodiak,US,57.79,-152.4072,44.11,76,100,26.46,overcast clouds
29,Lamu,KE,-2.2717,40.902,82.62,81,39,11.97,scattered clouds
30,Namatanai,PG,-3.6667,152.4333,82.11,72,50,2.53,scattered clouds
31,Qaanaaq,GL,77.484,-69.3632,12.04,76,18,1.88,few clouds
32,Jardim,BR,-21.4803,-56.1381,81.16,47,50,2.98,scattered clouds
33,Castro,BR,-24.7911,-50.0119,59.77,96,95,8.43,overcast clouds
34,Bengkulu,ID,-3.8004,102.2655,75.45,90,51,4.43,broken clouds
35,Tiksi,RU,71.6872,128.8694,29.89,82,100,13.18,overcast clouds
36,Rovaniemi,FI,66.5,25.7167,29.61,54,0,4.61,clear sky
37,Ostrovnoy,RU,68.0531,39.5131,25.0,89,97,17.0,overcast clouds
38,Novo Aripuana,BR,-5.1206,-60.3797,75.56,95,100,4.72,light rain
39,Batangafo,CF,7.3008,18.2833,74.39,80,83,4.47,broken clouds
40,Lakes Entrance,AU,-37.8811,147.981,53.17,87,100,17.27,light rain
41,Nikolskoye,RU,59.7035,30.7861,35.8,85,100,4.54,overcast clouds
42,Tuktoyaktuk,CA,69.4541,-133.0374,26.6,74,20,13.8,few clouds
43,Arraial Do Cabo,BR,-22.9661,-42.0278,76.96,94,40,11.5,scattered clouds
44,Coquimbo,CL,-29.9533,-71.3436,58.73,82,40,12.66,scattered clouds
45,Avarua,CK,-21.2078,-159.775,82.45,89,75,17.27,broken clouds
46,Portland,US,45.5234,-122.6762,63.48,54,75,8.99,broken clouds
47,Sanming,CN,26.2486,117.6186,66.7,93,100,2.53,heavy intensity rain
48,Kapaa,US,22.0752,-159.319,79.48,77,75,14.97,broken clouds
49,Merauke,ID,-8.4667,140.3333,78.03,88,99,7.72,overcast clouds
50,Aklavik,CA,68.2191,-135.0107,37.4,56,20,8.05,few clouds
51,Bredasdorp,ZA,-34.5322,20.0403,56.82,84,66,7.02,broken clouds
52,Kothi,IN,24.75,80.7833,90.19,14,13,7.34,few clouds
53,Saskylakh,RU,71.9167,114.0833,33.71,99,100,10.74,light snow
54,Airai,TL,-8.9266,125.4092,59.27,76,100,2.91,overcast clouds
55,Hambantota,LK,6.1241,81.1185,77.34,100,20,4.61,few clouds
56,Port Elizabeth,ZA,-33.918,25.5701,62.89,71,0,19.57,clear sky
57,Colesberg,ZA,-30.72,25.0972,52.0,41,0,3.62,clear sky
58,Yellowknife,CA,62.456,-114.3525,34.32,51,20,8.05,few clouds
59,Victoria,HK,22.2855,114.1577,82.18,86,97,1.01,overcast clouds
60,Butaritari,KI,3.0707,172.7902,80.83,76,85,12.55,overcast clouds
61,Mahebourg,MU,-20.4081,57.7,72.25,88,20,2.3,few clouds
62,Pacific Grove,US,36.6177,-121.9166,71.02,67,0,11.01,clear sky
63,Hermanus,ZA,-34.4187,19.2345,57.79,80,63,7.52,broken clouds
64,Broome,US,42.2506,-75.833,54.18,26,0,17.27,clear sky
65,Husavik,IS,66.0449,-17.3389,46.72,73,30,3.51,scattered clouds
66,Vaini,TO,-21.2,-175.2,77.16,94,100,12.66,light rain
67,Idrinskoye,RU,54.3708,92.1358,53.22,58,100,3.67,overcast clouds
68,Nantucket,US,41.2835,-70.0995,51.94,47,75,17.27,broken clouds
69,Berbera,SO,10.4396,45.0143,85.1,80,7,2.68,clear sky
70,Nzerekore,GN,7.7562,-8.8179,75.49,70,80,1.81,broken clouds
71,Vila Franca Do Campo,PT,37.7167,-25.4333,63.01,95,40,8.63,light rain
72,Takoradi,GH,4.8845,-1.7554,80.35,87,31,8.46,light rain
73,Carnarvon,AU,-24.8667,113.6333,62.67,59,0,11.5,clear sky
74,Samarai,PG,-10.6167,150.6667,81.93,74,100,3.58,moderate rain
75,Severo-Kurilsk,RU,50.6789,156.125,36.55,86,50,6.15,scattered clouds
76,Codrington,AU,-38.2667,141.9667,53.01,75,8,12.55,clear sky
77,Sawakin,SD,19.1059,37.3321,80.55,64,0,3.02,clear sky
78,Bambous Virieux,MU,-20.3428,57.7575,72.21,88,20,2.3,few clouds
79,Atuona,PF,-9.8,-139.0333,78.87,76,53,17.4,broken clouds
80,Vardo,NO,70.3705,31.1107,27.7,74,99,21.41,light snow
81,Bathsheba,BB,13.2167,-59.5167,83.01,83,20,13.8,few clouds
82,Gobabis,NA,-22.45,18.9667,66.0,49,67,8.52,broken clouds
83,Hualmay,PE,-11.0964,-77.6139,69.12,81,85,9.24,overcast clouds
84,Alofi,NU,-19.0595,-169.9187,84.09,79,71,11.5,broken clouds
85,Nicoya,CR,10.1483,-85.452,84.4,65,100,1.48,overcast clouds
86,San Cristobal,VE,7.7669,-72.225,77.18,77,81,5.1,broken clouds
87,Umm Kaddadah,SD,13.6017,26.6876,82.09,13,17,6.26,few clouds
88,Longyearbyen,SJ,78.2186,15.6401,10.24,56,20,5.75,few clouds
89,Flin Flon,CA,54.7682,-101.865,49.84,53,40,4.61,scattered clouds
90,Nadym,RU,65.5333,72.5167,14.43,85,7,11.45,clear sky
91,Mwinilunga,ZM,-11.7358,24.4293,65.17,75,98,3.18,overcast clouds
92,Milkovo,RU,54.7167,158.6167,33.17,77,89,3.6,overcast clouds
93,Kuminskiy,RU,58.6667,66.5667,29.44,81,9,2.71,clear sky
94,Buchanan,LR,5.8808,-10.0467,81.61,83,91,8.75,overcast clouds
95,Lebu,CL,-37.6167,-73.65,50.61,70,73,19.37,broken clouds
96,Tiarei,PF,-17.5333,-149.3333,86.02,75,14,21.09,light rain
97,Tura,IN,25.5198,90.2201,68.25,85,0,3.47,clear sky
98,Cabo San Lucas,MX,22.8909,-109.9124,90.61,48,4,13.78,clear sky
99,Svetlaya,RU,46.5389,138.3297,40.77,64,4,3.98,clear sky
100,Praia Da Vitoria,PT,38.7333,-27.0667,64.76,82,40,15.03,scattered clouds
101,Chopan,IN,24.5167,83.0333,85.66,15,10,5.28,clear sky
102,Ancud,CL,-41.8697,-73.8203,46.29,73,100,2.8,overcast clouds
103,Porto Walter,BR,-8.2686,-72.7439,76.44,95,100,1.52,overcast clouds
104,Barrow,US,71.2906,-156.7887,12.22,79,100,18.41,overcast clouds
105,Hithadhoo,MV,-0.6,73.0833,84.6,73,70,9.01,broken clouds
106,Luderitz,NA,-26.6481,15.1594,56.39,75,0,11.54,clear sky
107,Tasiilaq,GL,65.6145,-37.6368,28.56,88,76,8.5,broken clouds
108,Onega,RU,63.9061,38.1404,23.81,90,24,5.26,few clouds
109,Burgeo,CA,47.6167,-57.6152,41.47,91,100,5.39,overcast clouds
110,Ossora,RU,59.2353,163.0719,31.95,80,13,6.15,few clouds
111,Pandan,PH,14.0453,124.1694,78.94,85,66,6.24,broken clouds
112,Lithakia,GR,37.7167,20.8333,60.17,66,92,10.47,overcast clouds
113,Hilo,US,19.7297,-155.09,80.33,76,75,8.05,broken clouds
114,Sao Joao Da Barra,BR,-21.6403,-41.0511,78.89,82,4,6.58,clear sky
115,Lorengau,PG,-2.0226,147.2712,81.41,80,79,1.43,broken clouds
116,Srednekolymsk,RU,67.45,153.6833,14.67,89,98,2.1,overcast clouds
117,Honningsvag,NO,70.9821,25.9704,28.15,80,40,13.8,scattered clouds
118,Pirkkala,FI,61.4613,23.6323,30.38,64,0,2.3,clear sky
119,Keflavik,IS,64.0049,-22.5624,46.31,100,75,4.61,fog
120,Jieshi,CN,22.8134,115.8257,76.95,86,100,20.2,overcast clouds
121,Port Hardy,CA,50.6996,-127.4199,51.98,71,100,14.97,overcast clouds
122,Mackay,AU,-21.15,149.2,73.69,94,75,9.22,broken clouds
123,Kaitangata,NZ,-46.2817,169.8464,51.98,74,91,3.65,overcast clouds
124,Hamilton,US,39.1834,-84.5333,73.24,37,75,9.22,broken clouds
125,Lompoc,US,34.6391,-120.4579,77.68,58,0,26.46,clear sky
126,Chaoyang,CN,41.5703,120.4586,46.78,33,98,17.2,overcast clouds
127,Pevek,RU,69.7008,170.3133,17.31,90,100,9.19,overcast clouds
128,Almaznyy,RU,48.0448,40.045,51.91,59,97,3.11,overcast clouds
129,Cherskiy,RU,68.75,161.3,10.13,94,95,7.14,overcast clouds
130,Nuevitas,CU,21.5453,-77.2644,79.27,57,28,13.35,scattered clouds
131,Pangnirtung,CA,66.1451,-65.7125,15.8,86,100,6.91,light snow
132,Katsuura,JP,35.1333,140.3,50.02,73,12,23.11,few clouds
133,Jasper,US,37.2001,-94.3502,78.24,62,100,23.02,overcast clouds
134,Padang,ID,-0.9492,100.3543,78.3,85,100,2.95,overcast clouds
135,Boyolangu,ID,-8.1181,111.8935,75.36,91,47,2.01,scattered clouds
136,Iqaluit,CA,63.7506,-68.5145,20.93,63,75,6.91,broken clouds
137,New Norfolk,AU,-42.7826,147.0587,53.92,77,100,3.0,overcast clouds
138,Ntungamo,UG,-0.8833,29.65,62.78,96,100,2.89,overcast clouds
139,Pizarro,CO,4.9533,-77.366,82.09,77,87,6.82,overcast clouds
140,Kollam,IN,8.8833,76.6,81.72,85,69,5.73,broken clouds
141,Ponta Do Sol,PT,32.6667,-17.1,63.72,69,6,3.06,clear sky
142,Pokhara,NP,28.2333,83.9833,73.58,36,43,7.02,scattered clouds
143,Gilbert,US,33.3528,-111.789,90.16,12,0,8.05,clear sky
144,Cidreira,BR,-30.1811,-50.2056,61.3,66,0,7.92,clear sky
145,Saint-Philippe,RE,-21.3585,55.7679,75.22,83,54,14.25,light rain
146,Mayo,US,38.8876,-76.5119,67.1,25,0,10.36,clear sky
147,Anadyr,RU,64.75,177.4833,33.49,80,75,6.71,broken clouds
148,Joshimath,IN,30.5667,79.5667,58.15,54,16,7.72,few clouds
149,Coralville,US,41.6764,-91.5805,61.03,80,100,10.36,overcast clouds
150,Marawi,PH,7.9986,124.2928,69.4,95,95,1.39,overcast clouds
151,Yar-Sale,RU,66.8333,70.8333,19.63,83,25,15.12,scattered clouds
152,Orsha,BY,54.5153,30.4053,33.69,72,83,4.14,broken clouds
153,Hernani,ES,43.2662,-1.9762,56.1,83,100,1.14,overcast clouds
154,Vienne,AT,48.2085,16.3721,53.8,67,0,1.99,clear sky
155,Harper,LR,4.375,-7.7169,80.49,84,39,8.08,light rain
156,Norman Wells,CA,65.282,-126.8329,41.04,52,0,10.36,clear sky
157,Ust-Tarka,RU,55.5672,75.705,56.7,49,94,6.44,overcast clouds
158,Ilulissat,GL,69.2167,-51.1,17.62,86,100,24.16,light snow
159,Abomey,BJ,7.1829,1.9912,76.51,86,98,6.33,overcast clouds
160,Irbil,IQ,36.1926,44.0106,69.62,100,25,11.5,scattered clouds
161,Yerofey Pavlovich,RU,53.9667,121.9667,31.03,57,100,2.37,overcast clouds
162,Sao Filipe,CV,14.8961,-24.4956,71.89,73,3,9.46,clear sky
163,Salalah,OM,17.0151,54.0924,84.29,84,40,3.44,scattered clouds
164,Punta Arenas,CL,-53.15,-70.9167,42.91,61,40,6.91,scattered clouds
165,Vallenar,CL,-28.5708,-70.7581,67.55,49,13,4.9,few clouds
166,La Romana,DO,18.4273,-68.9728,84.56,54,20,17.27,few clouds
167,Lata,PT,40.1629,-8.3327,56.91,73,0,1.16,clear sky
168,Talcahuano,CL,-36.7167,-73.1167,58.68,58,0,12.66,clear sky
169,Tambacounda,SN,13.7539,-13.7586,96.85,15,0,4.61,clear sky
170,Paraiso,CR,9.8383,-83.8656,72.88,87,100,2.64,overcast clouds
171,Grindavik,IS,63.8424,-22.4338,46.35,100,75,4.61,fog
172,Adrar,MR,20.5022,-10.0711,77.63,14,4,10.51,clear sky
173,Fort Nelson,CA,58.8053,-122.7002,42.39,52,75,3.44,broken clouds
174,Klaksvik,FO,62.2266,-6.589,43.72,82,100,6.82,overcast clouds
175,Shelburne,CA,44.0787,-80.2041,54.39,39,4,8.88,clear sky
176,Berlevag,NO,70.8578,29.0864,28.4,74,75,25.32,broken clouds
177,Voh,NC,-20.9667,164.7,75.78,70,60,5.35,broken clouds
178,Patu,BR,-6.11,-37.6367,77.81,55,97,7.76,overcast clouds
179,Loubomo,CG,-4.1997,12.6739,72.01,97,100,1.72,moderate rain
180,Redange,LU,49.7656,5.8908,52.61,81,99,6.85,overcast clouds
181,Pisco,PE,-13.7,-76.2167,71.65,64,0,14.97,clear sky
182,Yinchuan,CN,38.4681,106.2731,47.03,14,100,8.1,overcast clouds
183,Andilamena,MG,-17.0167,48.5833,62.04,87,96,4.36,overcast clouds
184,Coahuayana,MX,18.7333,-103.6833,86.77,50,2,7.61,clear sky
185,Makakilo City,US,21.3469,-158.0858,80.92,55,40,14.97,scattered clouds
186,Antofagasta,CL,-23.65,-70.4,63.68,75,100,7.74,overcast clouds
187,Saint George,US,37.1041,-113.5841,78.64,12,0,13.0,clear sky
188,Jamestown,US,42.097,-79.2353,55.02,35,0,10.36,clear sky
189,Port Alfred,ZA,-33.5906,26.891,62.15,80,9,18.52,clear sky
190,Smidovich,RU,48.6,133.8167,39.4,62,82,14.18,broken clouds
191,Opuwo,NA,-18.0607,13.84,73.38,42,87,2.28,overcast clouds
192,Rawson,AR,-43.3002,-65.1023,50.97,33,58,4.0,broken clouds
193,Puerto Gaitan,CO,4.3133,-72.0816,74.8,93,100,6.87,overcast clouds
194,Solnechnyy,RU,50.7214,136.6319,33.82,64,10,3.29,clear sky
195,Pindwara,IN,24.8,73.0667,80.28,47,0,5.46,clear sky
196,Tuatapere,NZ,-46.1333,167.6833,54.5,82,95,4.83,overcast clouds
197,Jumla,NP,29.2747,82.1838,51.33,66,16,4.23,few clouds
198,Beringovskiy,RU,63.05,179.3167,31.62,96,100,13.65,light snow
199,Inhambane,MZ,-23.865,35.3833,70.32,77,0,7.4,clear sky
200,Constantine,DZ,36.365,6.6147,54.81,76,75,4.61,broken clouds
201,Manzil Salim,TN,35.8567,8.4765,56.23,57,99,6.53,overcast clouds
202,Pano Aqil,PK,27.8569,69.1116,91.65,14,0,8.25,clear sky
203,Lahan,NP,26.7296,86.4951,79.93,60,9,11.65,clear sky
204,Westport,US,41.1415,-73.3579,63.28,17,0,20.71,clear sky
205,Te Anau,NZ,-45.4167,167.7167,54.81,85,94,3.89,overcast clouds
206,East Stroudsburg,US,40.9995,-75.1813,61.36,21,25,11.07,scattered clouds
207,San Patricio,US,28.017,-97.5169,86.72,61,62,18.97,broken clouds
208,Kimbe,PG,-5.5502,150.1429,79.93,86,43,1.63,scattered clouds
209,Tarko-Sale,RU,64.9225,77.785,6.03,99,37,7.25,scattered clouds
210,Mandurah,AU,-32.55,115.7,55.9,66,0,7.07,clear sky
211,Jizan,SA,17.3333,42.6667,85.14,54,11,3.76,few clouds
212,Evensk,RU,61.95,159.2333,37.94,65,34,11.18,scattered clouds
213,Haines Junction,CA,60.7522,-137.5108,48.15,46,93,6.91,overcast clouds
214,Bethel,US,41.3712,-73.414,60.89,23,0,14.97,clear sky
215,Sambava,MG,-14.2667,50.1667,74.82,82,77,11.03,broken clouds
216,Coihaique,CL,-45.5752,-72.0662,43.41,65,0,0.0,clear sky
217,Jiwani,PK,25.05,61.7417,84.34,78,1,17.18,clear sky
218,Esperance,AU,-33.8667,121.9,53.44,78,85,9.57,overcast clouds
219,Oshikango,NA,-17.4,15.8833,71.51,44,67,7.31,broken clouds
220,Remedios,CU,22.4947,-79.5458,85.12,59,0,18.84,clear sky
221,Swellendam,ZA,-34.0226,20.4417,58.06,74,38,2.51,scattered clouds
222,Souillac,MU,-20.5167,57.5167,71.98,88,20,2.3,few clouds
223,Gat,IL,31.61,34.7642,85.78,22,51,6.87,broken clouds
224,Salmon Creek,US,45.7107,-122.649,63.0,53,100,6.91,overcast clouds
225,Omboue,GA,-1.5746,9.2618,78.24,89,100,2.86,overcast clouds
226,Kolyshley,RU,52.7005,44.5367,46.62,87,95,2.84,overcast clouds
227,Ribeira Grande,PT,38.5167,-28.7,62.44,87,3,18.19,light rain
228,Port Lincoln,AU,-34.7333,135.8667,61.32,57,90,11.54,overcast clouds
229,Tuy Hoa,VN,13.0833,109.3,76.55,94,100,0.54,overcast clouds
230,Kiruna,SE,67.8557,20.2251,23.92,100,100,0.0,overcast clouds
231,Krasnovishersk,RU,60.4078,57.082,24.01,95,34,3.76,scattered clouds
232,Itarema,BR,-2.9248,-39.9167,77.65,88,100,8.21,overcast clouds
233,Price,US,39.5994,-110.8107,58.12,24,20,19.57,few clouds
234,Sorland,NO,67.667,12.6934,38.23,78,98,23.11,overcast clouds
235,Zhanakorgan,KZ,43.9098,67.2495,70.86,22,4,4.43,clear sky
236,Maningrida,AU,-12.0667,134.2667,76.8,85,54,7.76,broken clouds
237,Bauchi,NG,10.5,10.0,83.39,48,92,12.35,light rain
238,Mehran,IR,33.1222,46.1646,75.79,44,36,6.38,scattered clouds
239,Ilheus,BR,-14.7889,-39.0494,82.22,74,20,5.75,few clouds
240,Malindi,KE,-3.2175,40.1191,79.63,81,60,13.67,light rain
241,Saint-Pierre,RE,-21.3393,55.4781,75.9,78,0,4.61,clear sky
242,Awjilah,LY,29.1081,21.2869,68.45,51,33,13.51,scattered clouds
243,Nanortalik,GL,60.1432,-45.2371,38.44,85,95,4.56,overcast clouds
244,Chara,RU,56.9064,118.2631,26.92,63,95,1.16,overcast clouds
245,Cedar City,US,37.6775,-113.0619,60.4,18,0,14.97,clear sky
246,Lasa,IT,46.6166,10.7002,54.48,90,100,2.42,overcast clouds
247,Chuy,UY,-33.6971,-53.4616,53.73,73,40,5.95,scattered clouds
248,Raudeberg,NO,61.9875,5.1352,41.67,85,98,7.34,overcast clouds
249,Buta,CD,2.7858,24.73,69.85,98,95,1.86,overcast clouds
250,Puerto Quijarro,BO,-17.7833,-57.7667,85.17,33,76,2.89,broken clouds
251,Ulladulla,AU,-35.35,150.4667,67.1,67,100,8.77,moderate rain
252,Faya,SA,18.3851,42.4509,59.11,52,66,1.81,broken clouds
253,Kavieng,PG,-2.5744,150.7967,82.83,75,100,5.91,overcast clouds
254,Shache,CN,38.4167,77.2406,66.7,27,30,7.36,scattered clouds
255,Paka,MY,4.6374,103.4368,76.98,94,98,0.0,overcast clouds
256,Belomorsk,RU,64.5232,34.7668,26.83,81,76,6.93,broken clouds
257,Saldanha,ZA,-33.0117,17.9442,60.03,85,77,3.56,broken clouds
258,Kahului,US,20.8947,-156.47,84.22,48,40,23.02,scattered clouds
259,Waddan,LY,29.1614,16.139,68.2,38,0,7.85,clear sky
260,Skibbereen,IE,51.55,-9.2667,50.11,87,100,2.62,overcast clouds
261,Nizhniy Tsasuchey,RU,50.5167,115.1333,33.06,35,44,6.08,scattered clouds
262,Mandalgovi,MN,45.7625,106.2708,33.06,36,4,8.23,clear sky
263,Havoysund,NO,70.9963,24.6622,28.63,69,100,23.17,snow
264,Mozarlandia,BR,-14.7447,-50.5706,78.73,41,0,1.72,clear sky
265,Hasaki,JP,35.7333,140.8333,46.8,73,34,28.92,scattered clouds
266,Kavaratti,IN,10.5669,72.642,85.01,76,85,11.07,heavy intensity rain
267,Nishihara,JP,26.1842,127.7558,70.88,83,100,11.5,overcast clouds
268,Santa Rosalia,MX,27.3167,-112.2833,71.67,35,2,5.32,clear sky
269,Nago,JP,26.5881,127.9761,70.65,77,78,7.78,broken clouds
270,Provideniya,RU,64.3833,-173.3,33.73,93,100,15.46,light snow
271,Omsukchan,RU,62.5333,155.8,23.88,88,100,8.59,overcast clouds
272,Khatanga,RU,71.9667,102.5,19.2,96,100,10.09,overcast clouds
273,Tottori,JP,35.5,134.2333,51.87,62,20,12.66,few clouds
274,Deputatskiy,RU,69.3,139.9,11.17,89,37,2.08,scattered clouds
275,Sinnamary,GF,5.3833,-52.95,79.43,84,87,12.68,overcast clouds
276,Kirakira,SB,-10.4544,161.9205,81.75,78,100,2.13,overcast clouds
277,Yendi,GH,9.4427,-0.0099,87.55,40,86,5.88,overcast clouds
278,Xuanhua,CN,40.6103,115.0447,43.3,29,54,6.26,broken clouds
279,Fairbanks,US,64.8378,-147.7164,53.24,44,0,1.99,clear sky
280,Cauquenes,CL,-35.9671,-72.3225,56.01,46,44,5.1,scattered clouds
281,Natal,BR,-5.795,-35.2094,81.25,74,20,8.05,few clouds
282,Ngunguru,NZ,-35.6167,174.5,64.71,72,20,15.55,few clouds
283,Hervey Bay,AU,-25.2986,152.8535,74.1,73,47,10.92,scattered clouds
284,Nha Trang,VN,12.25,109.1833,75.2,91,100,5.55,overcast clouds
285,Isangel,VU,-19.55,169.2667,75.31,78,100,11.5,overcast clouds
286,Tacna,PE,-18.0056,-70.2483,64.6,63,0,9.22,clear sky
287,Lavrentiya,RU,65.5833,-171.0,32.4,92,69,7.9,broken clouds
288,Cascais,PT,38.6979,-9.4215,66.47,58,0,15.01,clear sky
289,Kargat,RU,55.1956,80.2811,58.14,55,100,8.43,overcast clouds
290,Narsaq,GL,60.9167,-46.05,50.22,78,90,3.33,overcast clouds
291,Atar,MR,20.5169,-13.0499,81.79,13,66,8.72,broken clouds
292,Oromocto,CA,45.8351,-66.4792,40.93,82,100,19.57,moderate rain
293,Kutum,SD,14.2,24.6667,78.6,12,20,4.61,few clouds
294,Yumen,CN,40.2833,97.2,43.11,42,94,6.87,overcast clouds
295,Rocha,UY,-34.4833,-54.3333,48.83,71,21,4.88,few clouds
296,Macerata,IT,43.2,13.1667,47.8,76,2,2.62,clear sky
297,Queimadas,BR,-10.9783,-39.6264,76.84,66,100,11.9,overcast clouds
298,Franklin,US,39.9667,-83.0166,66.79,31,75,9.22,broken clouds
299,Laizhou,CN,37.1717,119.9214,53.6,73,100,5.21,overcast clouds
300,Praia,CV,14.9215,-23.5087,72.14,68,20,18.41,few clouds
301,Gubkinskiy,RU,64.434,76.5026,8.26,100,66,7.4,broken clouds
302,Batemans Bay,AU,-35.7167,150.1833,65.1,65,100,7.49,light rain
303,Rio Gallegos,AR,-51.6226,-69.2181,44.65,65,0,6.91,clear sky
304,Thinadhoo,MV,0.5333,72.9333,85.24,70,85,9.89,overcast clouds
305,Emba,KZ,48.8264,58.1442,61.25,66,100,6.8,overcast clouds
306,Mount Isa,AU,-20.7333,139.5,73.17,60,10,4.61,clear sky
307,Kanniyakumari,IN,8.0833,77.5667,83.32,84,76,15.37,broken clouds
308,Fortuna,US,40.5982,-124.1573,64.92,54,0,14.97,clear sky
309,Togur,RU,58.3631,82.8265,50.43,94,94,7.18,light rain
310,Port Hedland,AU,-20.3167,118.5667,71.65,78,100,5.75,overcast clouds
311,Labuhan,ID,-6.8844,112.2051,79.56,86,71,4.54,broken clouds
312,Cap Malheureux,MU,-19.9842,57.6142,72.46,79,4,1.99,clear sky
313,Jinchang,CN,38.4953,102.1739,42.57,43,100,3.02,overcast clouds
314,Zambezi,ZM,-13.5432,23.1047,61.92,77,12,3.76,few clouds
315,Port Blair,IN,11.6667,92.75,82.31,76,62,2.8,broken clouds
316,Talnakh,RU,69.4865,88.3972,-2.15,94,83,2.44,broken clouds
317,Namibe,AO,-15.1961,12.1522,74.32,70,51,3.47,broken clouds
318,Ruston,US,32.5232,-92.6379,85.59,32,0,10.36,clear sky
319,Jijiga,ET,9.35,42.8,66.52,77,98,6.87,light rain
320,Erenhot,CN,43.6475,111.9767,38.59,24,1,6.11,clear sky
321,Akureyri,IS,65.6835,-18.0878,51.73,54,40,9.22,scattered clouds
322,Puerto Colombia,CO,10.9878,-74.9547,86.09,80,96,19.82,overcast clouds
323,Muros,ES,42.7762,-9.0603,60.1,76,5,4.07,clear sky
324,Caravelas,BR,-17.7125,-39.2481,75.47,80,12,4.36,few clouds
325,Vila Velha,BR,-20.3297,-40.2925,80.55,84,0,6.91,clear sky
326,Margate,GB,51.3813,1.3862,47.7,76,82,7.0,broken clouds
327,Wainwright,CA,52.839,-110.8572,53.76,38,64,7.78,broken clouds
328,Mubi,NG,10.2676,13.2644,81.66,49,64,4.45,broken clouds
329,Abohar,IN,30.15,74.1833,86.43,11,0,1.66,clear sky
330,Santa Marta,CO,11.2408,-74.199,91.45,55,75,13.8,broken clouds
331,Upernavik,GL,72.7868,-56.1549,21.87,84,100,16.53,overcast clouds
332,Nouadhibou,MR,20.931,-17.0347,66.18,77,40,19.57,scattered clouds
333,Flinders,AU,-34.5833,150.8552,67.28,87,100,7.0,light rain
334,Torbay,CA,47.6666,-52.7314,43.88,95,100,4.61,light intensity drizzle
335,Vulcan,RO,45.3833,23.2667,44.96,97,56,3.47,broken clouds
336,Senlis,FR,49.25,2.6667,53.49,87,4,9.31,clear sky
337,Meulaboh,ID,4.1363,96.1285,77.04,90,60,3.36,broken clouds
338,Bacolod,PH,10.6667,122.95,78.71,83,76,6.15,broken clouds
339,Lichinga,MZ,-13.3128,35.2406,59.09,100,20,5.75,few clouds
340,Oktyabrskoye,RU,43.0645,44.7417,53.74,100,75,2.24,broken clouds
341,Dikson,RU,73.5069,80.5464,9.52,94,100,19.42,overcast clouds
342,Tessalit,ML,20.1986,1.0114,82.49,8,0,4.68,clear sky
343,Palana,RU,59.1167,159.9667,28.04,76,10,7.29,clear sky
344,Tukrah,LY,32.5341,20.5791,62.74,80,12,12.3,few clouds
345,Praya,CV,14.9215,-23.5087,72.14,68,20,18.41,few clouds
346,Holme,DK,56.1138,10.1725,44.17,71,55,9.82,broken clouds
347,Jambi,ID,-1.6,103.6167,74.61,98,85,2.24,overcast clouds
348,Korla,CN,41.7597,86.1469,54.27,42,0,1.32,clear sky
349,Alta Floresta,BR,-9.8756,-56.0861,89.42,55,20,8.05,few clouds
350,Aykhal,RU,66.0,111.5,34.52,98,100,12.19,overcast clouds
351,Juegang,CN,32.3174,121.1855,51.91,84,43,3.06,scattered clouds
352,Katherine,AU,-14.4667,132.2667,75.52,73,62,0.0,broken clouds
353,Oshawa,CA,43.9001,-78.8496,60.49,31,0,12.66,clear sky
354,Melito Di Porto Salvo,IT,37.9222,15.7714,64.54,52,100,8.05,overcast clouds
355,Simoes,BR,-7.5989,-40.8178,77.77,44,97,6.69,overcast clouds
356,San Rafael,AR,-34.6177,-68.3301,56.12,28,0,9.75,clear sky
357,Providencia,MX,28.7167,-111.5833,91.2,26,3,15.75,clear sky
358,Nuuk,GL,64.1835,-51.7216,21.81,93,40,9.22,scattered clouds
359,Bandarbeyla,SO,9.4942,50.8122,83.32,76,24,3.8,few clouds
360,Jalu,LY,29.0331,21.5482,69.22,48,25,13.94,scattered clouds
361,Georgetown,MY,5.4112,100.3354,80.53,93,20,3.44,thunderstorm
362,Bara,NG,10.3744,10.7288,86.95,45,100,12.03,overcast clouds
363,Poum,NC,-20.2333,164.0167,75.13,74,53,11.23,broken clouds
364,Along,IN,28.1667,94.7667,65.12,92,100,2.55,overcast clouds
365,Leningradskiy,RU,69.3833,178.4167,22.42,88,100,15.9,overcast clouds
366,Masterton,NZ,-40.9597,175.6575,57.88,69,0,3.58,clear sky
367,Saint Anthony,US,45.0205,-93.218,61.09,58,75,16.11,broken clouds
368,Mantamados,GR,39.3117,26.3339,62.65,72,100,10.65,overcast clouds
369,Zhanaozen,KZ,43.3,52.8,66.09,48,93,3.13,overcast clouds
370,Oranjemund,NA,-28.55,16.4333,52.9,83,0,5.3,clear sky
371,Cayenne,GF,4.9333,-52.3333,83.08,1,75,8.05,broken clouds
372,Chapais,CA,49.7834,-74.8492,42.58,67,10,9.42,clear sky
373,Klyuchi,RU,52.2667,79.1667,57.51,38,100,9.08,overcast clouds
374,Beboto,TD,8.2668,16.939,79.75,62,89,4.34,overcast clouds
375,Chiusi,IT,43.016,11.9475,50.52,64,0,4.61,clear sky
376,Kapoeta,SS,4.7717,33.5903,75.72,67,99,5.26,light rain
377,Amapa,BR,1.0,-52.0,74.26,99,100,2.17,overcast clouds
378,Llanes,ES,43.4198,-4.7549,57.65,86,95,2.42,overcast clouds
379,Teguise,ES,29.0605,-13.564,61.02,77,20,18.41,few clouds
380,San Policarpo,PH,12.1791,125.5072,80.73,80,58,6.11,broken clouds
381,Rjukan,NO,59.8789,8.5941,41.45,78,100,5.12,overcast clouds
382,Thompson,CA,55.7435,-97.8558,53.76,43,20,2.3,few clouds
383,Kenai,US,60.5544,-151.2583,53.02,48,40,8.05,scattered clouds
384,Newcastle,AU,-32.9272,151.7765,68.49,96,100,1.01,overcast clouds
385,Sofikon,GR,37.8,23.05,57.04,56,100,6.08,overcast clouds
386,Anchorage,US,61.2181,-149.9003,49.32,56,0,10.36,clear sky
387,Barcelos,PT,41.5388,-8.6151,64.85,74,0,3.69,clear sky
388,Leh,IN,34.1667,77.5833,42.04,55,84,5.17,broken clouds
389,Matara,LK,5.9485,80.5353,80.71,87,100,7.38,overcast clouds
390,Kon Tum,VN,14.35,108.0,70.47,95,100,1.81,overcast clouds
391,Devils Lake,US,48.1128,-98.8651,42.91,93,100,17.27,moderate rain
392,Guerrero Negro,MX,27.9769,-114.0611,65.7,56,1,20.4,clear sky
393,Bambanglipuro,ID,-7.95,110.2833,75.97,91,22,2.33,few clouds
394,Mar Del Plata,AR,-38.0023,-57.5575,51.87,79,40,4.61,scattered clouds
395,Chippewa Falls,US,44.9369,-91.3929,68.18,44,75,16.11,broken clouds
396,Shihezi,CN,44.3,86.0333,55.22,26,0,3.69,clear sky
397,Portsmouth,GB,50.799,-1.0913,50.0,71,73,1.01,broken clouds
398,Mirnyy,RU,62.5353,113.9611,35.24,74,100,7.0,overcast clouds
399,Kuandian,CN,40.7286,124.7847,46.45,80,100,3.65,overcast clouds
400,Tevriz,RU,57.509,72.4042,37.36,81,70,6.04,broken clouds
401,Aljezur,PT,37.3191,-8.8033,57.94,85,4,6.8,clear sky
402,Mehamn,NO,71.0357,27.8492,28.35,64,75,18.41,broken clouds
403,Mucurapo,TT,10.6667,-61.5333,86.05,76,80,9.84,broken clouds
404,Alihe,CN,50.5667,123.7167,32.36,80,100,4.45,overcast clouds
405,Alice Springs,AU,-23.7,133.8833,62.15,82,100,10.36,overcast clouds
406,Oussouye,SN,12.485,-16.5469,77.18,70,66,8.95,broken clouds
407,Zyryanovsk,KZ,49.7386,84.2719,46.0,57,61,3.06,broken clouds
408,Umm Lajj,SA,25.0213,37.2685,83.41,36,0,3.89,clear sky
409,Cockburn Town,TC,21.4612,-71.1419,78.76,53,40,10.36,scattered clouds
410,Arvika,SE,59.6553,12.5852,34.41,54,81,0.76,broken clouds
411,Veinticinco De Mayo,AR,-35.4323,-60.1727,49.98,47,0,5.32,clear sky
412,Male,MV,4.1748,73.5089,84.15,84,75,11.5,broken clouds
413,Singaraja,ID,-8.112,115.0882,80.08,85,76,7.36,broken clouds
414,Barkhan,PK,29.8977,69.5256,78.22,21,13,3.67,few clouds
415,Abu Samrah,SY,35.3029,37.1841,72.39,36,42,10.49,scattered clouds
416,Rodez,FR,44.5,2.5833,57.51,88,75,8.05,broken clouds
417,Zabol,AF,32.25,67.25,67.53,23,0,7.94,clear sky
418,Arlit,NE,18.7369,7.3853,86.88,5,98,8.03,overcast clouds
419,Dong Hoi,VN,17.4833,106.6,77.63,95,100,3.36,overcast clouds
420,Clyde River,CA,70.4692,-68.5914,8.83,78,100,12.66,overcast clouds
421,Egvekinot,RU,66.3167,-179.1667,24.37,82,45,5.93,scattered clouds
422,Bilibino,RU,68.0546,166.4372,20.08,85,100,2.51,overcast clouds
423,Phan Thiet,VN,10.9333,108.1,76.71,89,100,3.42,overcast clouds
424,Siniscola,IT,40.5719,9.6922,49.55,55,0,6.69,clear sky
425,Houma,US,29.5958,-90.7195,84.0,50,0,9.22,clear sky
426,Acurenam,GQ,1.0322,10.6488,68.27,96,100,1.23,overcast clouds
427,Abha,SA,18.2164,42.5053,58.82,72,0,0.0,clear sky
428,Keti Bandar,PK,24.1447,67.4497,82.72,80,0,18.19,clear sky
429,Russell,US,32.3502,-85.1999,81.68,36,75,6.91,broken clouds
430,Henties Bay,NA,-22.116,14.2845,61.54,78,2,7.54,clear sky
431,Port-Gentil,GA,-0.7193,8.7815,80.56,89,100,5.75,overcast clouds
432,Tirat Karmel,IL,32.7617,34.9719,73.06,52,31,6.6,scattered clouds
433,Worland,US,44.0169,-107.9554,47.61,73,100,20.71,overcast clouds
434,Chilca,PE,-12.5211,-76.7372,66.51,88,99,8.12,overcast clouds
435,Ginda,IN,30.6945,78.4932,60.78,33,1,8.55,clear sky
436,Nelson Bay,AU,-32.7167,152.15,68.09,91,100,8.39,overcast clouds
437,Santa Luzia,BR,-19.7697,-43.8514,79.7,54,75,9.22,broken clouds
438,Avera,US,33.194,-82.5271,80.55,35,18,6.31,few clouds
439,Keuruu,FI,62.2667,24.7,28.8,84,14,4.12,few clouds
440,Galashki,RU,43.1136,44.9894,54.55,91,92,3.76,overcast clouds
441,Dzilam Gonzalez,MX,21.2833,-88.9333,80.13,68,88,8.57,overcast clouds
442,Maloy,NO,61.9353,5.1136,42.53,85,97,5.82,overcast clouds
443,Sioux Lookout,CA,50.1001,-91.917,48.27,49,100,4.61,overcast clouds
444,Amahai,ID,-3.3333,128.9167,78.8,83,54,3.47,broken clouds
445,Villazon,BO,-22.0866,-65.5942,59.7,38,32,12.03,scattered clouds
446,Chicama,PE,-7.8447,-79.1469,63.14,71,76,8.95,broken clouds
447,Rivera,UY,-30.9053,-55.5508,49.33,77,0,7.02,clear sky
448,Piacabucu,BR,-10.4056,-36.4344,76.87,75,82,7.02,broken clouds
449,Kosa,RU,59.9445,54.9977,23.5,91,30,5.64,scattered clouds
450,Hauterive,FR,46.0901,3.4459,56.16,94,57,1.7,broken clouds
451,Chernyshevskiy,RU,63.0128,112.4714,34.11,98,100,6.96,light snow
452,Hofn,IS,64.2539,-15.2082,45.95,70,12,3.27,few clouds
453,Maltahohe,NA,-24.8333,16.9833,60.69,34,0,7.07,clear sky
454,Viransehir,TR,37.2353,39.7631,60.8,74,100,7.11,moderate rain
455,Houston,US,29.7633,-95.3633,88.41,64,75,16.11,broken clouds
456,Abnub,EG,27.2696,31.1511,88.02,9,10,7.34,clear sky
457,Chimbote,PE,-9.0853,-78.5783,68.7,80,52,9.35,broken clouds
458,Naqadeh,IR,36.9553,45.388,54.64,76,82,4.61,broken clouds
459,Baghdad,IQ,33.3406,44.4009,78.71,41,20,5.75,few clouds
460,Hay River,CA,60.8156,-115.7999,24.78,80,75,11.5,broken clouds
461,Christchurch,NZ,-43.5333,172.6333,58.91,79,19,5.99,few clouds
462,Riberalta,BO,-10.9833,-66.1,91.6,55,75,11.5,broken clouds
463,San Quintin,MX,30.4833,-115.95,64.62,61,0,15.75,clear sky
464,Pyay,MM,18.8167,95.2167,84.67,63,56,4.88,broken clouds
465,Swan River,CA,52.1058,-101.2676,58.89,47,100,4.61,overcast clouds
466,Whitianga,NZ,-36.8333,175.7,62.17,75,82,13.02,broken clouds
467,Japura,ID,-0.3167,102.35,72.84,97,100,2.75,moderate rain
468,Isabela,PH,6.7085,121.9711,77.05,90,100,4.74,light rain
469,Ransang,PH,8.9603,117.5828,79.39,84,100,3.6,overcast clouds
470,Pokrov,RU,55.92,39.1769,37.83,93,99,5.39,overcast clouds
471,Deniliquin,AU,-35.5333,144.9667,56.19,82,50,10.67,scattered clouds
472,Ostersund,SE,63.1792,14.6357,34.25,80,20,10.36,few clouds
473,Muana,BR,-1.5283,-49.2167,76.84,93,96,4.9,moderate rain
474,Cabadiangan,PH,9.7531,122.4739,78.57,88,81,5.37,broken clouds
475,Ponta Delgada,PT,37.7333,-25.6667,63.32,100,75,8.05,mist
476,Xuzhou,CN,34.1805,117.1571,50.34,82,66,2.93,broken clouds
477,Pathein,MM,16.7833,94.7333,80.04,82,78,6.4,broken clouds
478,Ryotsu,JP,38.0833,138.4333,48.38,66,34,5.86,scattered clouds
479,Ljungby,SE,56.8332,13.9408,48.61,76,98,2.3,overcast clouds
480,Hirara,JP,24.8,125.2833,74.77,83,100,13.89,overcast clouds
481,Roald,NO,62.5833,6.1333,45.75,87,75,10.36,broken clouds
482,Dingle,PH,10.9995,122.6711,76.44,91,69,5.77,broken clouds
483,Ramona,US,33.0417,-116.8681,80.76,50,0,12.66,clear sky
484,Nyurba,RU,63.2842,118.3319,31.51,92,83,5.75,broken clouds
485,Luganville,VU,-15.5333,167.1667,81.01,77,100,0.85,overcast clouds
486,Stellenbosch,ZA,-33.9346,18.8668,57.81,89,84,2.48,broken clouds
487,Dharchula,IN,29.85,80.5333,66.87,40,26,7.72,scattered clouds
488,Ewo,CG,-0.8725,14.8206,74.35,87,95,2.19,overcast clouds
489,Dubti,ET,11.7361,41.0853,85.08,58,73,14.41,broken clouds
490,Vanavara,RU,60.34,102.2797,41.83,97,98,8.19,overcast clouds
491,Borogontsy,RU,62.6683,131.1683,26.8,86,100,0.13,overcast clouds
492,Mount Gambier,AU,-37.8333,140.7667,46.31,93,40,9.22,scattered clouds
493,Wanlaweyn,SO,2.6185,44.8938,80.04,80,79,8.79,broken clouds
494,Bonavista,CA,48.6499,-53.1147,35.51,98,100,8.61,overcast clouds
495,Zhangjiakou,CN,40.81,114.8794,41.31,29,25,6.91,light rain
496,Kulhudhuffushi,MV,6.6221,73.07,84.94,74,66,8.39,broken clouds
497,Ukiah,US,39.1502,-123.2078,74.44,34,0,10.36,clear sky
498,Sur,OM,22.5667,59.5289,88.84,41,0,9.91,clear sky
499,Bam,IR,29.106,58.357,80.02,26,58,9.84,broken clouds
500,Atbasar,KZ,51.8,68.3333,58.05,39,1,0.78,clear sky
501,Cabra,ES,37.4725,-4.4421,56.57,61,0,4.29,clear sky
502,Beira,MZ,-19.8436,34.8389,69.89,94,0,2.3,clear sky
503,Erzin,TR,36.9559,36.2,67.41,52,28,7.96,scattered clouds
504,Matranovak,HU,48.0381,19.9826,52.68,66,80,2.13,broken clouds
505,Rundu,NA,-17.9333,19.7667,63.43,48,0,4.85,clear sky
506,Half Moon Bay,US,37.4636,-122.4286,75.88,62,0,20.71,clear sky
507,Vostok,RU,46.4856,135.8833,40.57,41,46,3.53,scattered clouds
508,Tilichiki,RU,60.4667,166.1,25.41,83,8,9.8,clear sky
509,Khandbari,NP,27.3747,87.2039,67.5,67,50,2.8,scattered clouds
510,Daru,PG,-9.0763,143.2092,80.2,83,97,6.78,overcast clouds
511,Iracoubo,GF,5.4802,-53.2011,79.47,84,73,12.15,broken clouds
512,Sangar,RU,63.9242,127.4739,20.79,85,42,4.34,scattered clouds
513,Ribas Do Rio Pardo,BR,-20.4431,-53.7592,81.36,40,83,2.19,broken clouds
514,Beyneu,KZ,45.3167,55.2,71.29,18,25,12.46,scattered clouds
515,Murgab,TM,37.4966,61.9714,73.27,49,20,4.61,few clouds
516,Hovd,MN,48.0056,91.6419,42.48,28,0,1.14,clear sky
517,Mastic Beach,US,40.7668,-72.8521,63.03,17,0,18.41,clear sky
518,Bulgan,MN,48.8125,103.5347,37.42,41,49,3.09,scattered clouds
519,Cervo,ES,43.6702,-7.4101,54.97,88,21,6.4,few clouds
520,Necochea,AR,-38.5473,-58.7368,47.98,57,88,7.7,overcast clouds
521,Huarmey,PE,-10.0681,-78.1522,70.45,78,81,10.56,broken clouds
522,Yakeshi,CN,49.2833,120.7333,32.41,58,27,11.61,scattered clouds
523,Snyder,US,32.7179,-100.9176,98.1,3,0,17.27,clear sky
524,Feltre,IT,46.0235,11.907,59.92,69,82,1.01,broken clouds
525,Cocobeach,GA,1.0002,9.5823,77.9,81,88,2.44,overcast clouds
526,Ketchikan,US,55.3422,-131.6461,54.07,43,20,8.05,few clouds
527,Asau,RO,46.4333,26.4,43.72,100,37,3.71,scattered clouds
528,Rambouillet,FR,48.5833,1.9167,56.57,79,60,8.03,broken clouds
529,San Jose,US,37.3394,-121.895,76.91,33,40,13.0,scattered clouds
530,Luena,AO,-11.7833,19.9167,60.3,75,4,4.14,clear sky
531,Mingshui,CN,36.7167,117.5,54.03,61,99,6.78,overcast clouds
532,Bardiyah,LY,31.7561,25.0865,63.27,89,0,11.39,clear sky
533,Santa Fe,AR,-31.6333,-60.7,56.91,62,0,7.23,light rain
534,Burnie,AU,-41.0667,145.9167,50.92,78,72,14.27,broken clouds
535,Ngama,TD,11.7833,17.1667,91.54,35,71,3.36,broken clouds
536,Olinda,BR,-8.0089,-34.8553,78.53,83,75,2.3,broken clouds
537,Magdagachi,RU,53.45,125.8,31.14,45,8,6.62,clear sky
538,Atlantic City,US,39.3643,-74.4229,65.01,15,0,14.97,clear sky
539,Bilma,NE,18.6853,12.9164,89.55,7,86,8.01,overcast clouds
540,Clarksburg,US,39.2807,-80.3445,68.47,17,0,8.05,clear sky
541,Porto Velho,BR,-8.7619,-63.9039,91.45,52,20,6.91,few clouds
542,Zyryanka,RU,65.75,150.85,19.2,87,91,5.21,overcast clouds
543,Springbok,ZA,-29.6643,17.8865,45.05,79,0,2.19,clear sky
544,Zhigansk,RU,66.7697,123.3711,23.18,93,61,17.31,broken clouds
545,Tautira,PF,-17.7333,-149.15,80.67,73,20,20.33,light rain
546,Taoudenni,ML,22.6783,-3.9836,85.84,7,40,7.94,scattered clouds
547,Alugan,PH,12.2188,125.4808,80.19,81,51,5.91,broken clouds
548,Acari,PE,-15.4311,-74.6158,73.54,68,85,5.86,overcast clouds
549,Beloha,MG,-25.1667,45.05,65.62,82,0,10.85,clear sky
550,Shimoda,JP,34.6667,138.95,49.1,77,99,15.1,overcast clouds
551,Gigmoto,PH,13.7796,124.39,79.7,83,74,4.83,broken clouds
552,Jarva-Jaani,EE,59.0386,25.8864,27.5,86,20,4.7,few clouds
553,Karlstad,SE,59.3793,13.5036,34.36,80,53,0.0,broken clouds
554,Koygorodok,RU,60.445,50.9968,25.79,90,15,5.84,few clouds
555,Fukue,JP,32.6881,128.8419,58.21,71,78,24.76,broken clouds
556,Tarrafal,CV,15.2833,-23.7667,72.39,73,1,15.75,clear sky
557,Akyab,MM,20.15,92.9,80.04,86,65,1.3,broken clouds
558,Tibati,CM,6.4667,12.6333,67.32,94,93,4.14,overcast clouds
559,Mae Sai,TH,20.4335,99.8762,77.61,73,100,1.19,overcast clouds
560,Banda Aceh,ID,5.5577,95.3222,80.71,83,93,8.12,overcast clouds
561,Ust-Tsilma,RU,65.441,52.1498,19.09,90,81,4.16,broken clouds
562,Padre Bernardo,BR,-15.35,-48.5,75.06,41,34,5.44,scattered clouds
563,Doha,QA,25.2867,51.5333,78.69,59,0,8.05,clear sky
564,Leopold,AU,-38.1833,144.4667,52.66,86,21,16.11,few clouds
565,Teahupoo,PF,-17.8333,-149.2667,80.56,73,13,21.0,light rain
566,Kefalos,GR,36.7453,26.9589,64.62,68,40,17.27,scattered clouds
567,Calvinia,ZA,-31.4707,19.776,45.72,86,1,2.21,clear sky
568,Nizwa,OM,22.9333,57.5333,84.94,31,1,2.68,clear sky
569,Upata,VE,8.0086,-62.3989,89.19,59,84,4.99,broken clouds
570,Luanda,AO,-8.8368,13.2343,77.09,90,100,6.38,overcast clouds
571,Timaru,NZ,-44.4,171.25,52.07,97,4,4.41,clear sky
572,Dodge City,US,37.7528,-100.0171,89.71,20,0,21.0,clear sky
573,Ruteng,ID,-8.6136,120.4721,60.75,69,42,1.23,scattered clouds
574,Siocon,PH,7.7061,122.1353,78.3,83,100,3.94,overcast clouds
575,Orange Cove,US,36.6244,-119.3137,76.6,24,8,3.6,clear sky
576,Sakhnovshchyna,UA,49.1517,35.872,47.3,67,100,6.15,moderate rain
577,Petropavlovsk-Kamchatskiy,RU,53.0452,158.6483,41.59,52,0,6.71,clear sky
578,Guilin,CN,25.2819,110.2864,60.91,91,100,6.89,overcast clouds
579,Jagalur,IN,14.5333,76.35,80.49,67,43,13.44,scattered clouds
580,Rio Grande,BR,-32.035,-52.0986,59.11,66,0,7.07,clear sky
581,Ijuin,JP,31.6167,130.4,48.31,76,93,3.36,overcast clouds
582,Constitucion,CL,-35.3333,-72.4167,54.95,65,13,13.11,few clouds
583,Ignacio Zaragoza,MX,28.3833,-107.2167,77.52,6,0,19.73,clear sky
584,Sola,VU,-13.8833,167.55,81.27,89,20,0.0,few clouds
585,Gushikawa,JP,26.3544,127.8686,70.83,84,100,8.05,overcast clouds
586,Polovinnoye,RU,54.7914,65.9864,47.48,60,86,10.58,overcast clouds
587,Razole,IN,16.4833,81.8333,79.23,95,30,3.85,scattered clouds
588,Dakar,SN,14.6937,-17.4441,70.68,94,0,13.8,clear sky
589,Misawa,JP,40.6836,141.3597,46.6,72,52,6.22,broken clouds
590,Bukama,CD,-9.2,25.85,67.86,93,92,0.94,light rain
591,Tommot,RU,58.9564,126.2925,28.44,70,26,1.63,scattered clouds
592,Vaitape,PF,-16.5167,-151.75,81.64,72,2,19.66,light rain
593,Bosaso,SO,11.2842,49.1816,85.14,59,22,5.01,few clouds
594,Front Royal,US,38.9182,-78.1944,69.42,19,9,1.99,clear sky
595,Amqui,CA,48.4638,-67.4313,34.14,98,100,10.38,light snow
596,Cabedelo,BR,-6.9811,-34.8339,77.67,75,100,10.22,overcast clouds
597,Northam,GB,51.0333,-4.2167,49.66,76,98,7.31,overcast clouds
598,Jiuquan,CN,39.7432,98.5174,48.06,35,100,8.84,overcast clouds
599,Riyadh,SA,24.6877,46.7219,69.94,48,42,7.99,scattered clouds
600,Mineiros,BR,-17.5694,-52.5511,72.21,51,3,0.67,clear sky
601,Middlebury,US,44.0153,-73.1673,54.59,23,40,19.57,scattered clouds
602,Chokurdakh,RU,70.6333,147.9167,10.11,96,92,7.78,overcast clouds
603,Ulaanbaatar,MN,47.9077,106.8832,26.73,43,75,0.0,broken clouds
604,Kaeo,NZ,-35.1,173.7833,60.33,97,39,12.75,scattered clouds
605,Sohag,EG,26.557,31.6948,88.09,9,15,5.59,few clouds
606,Honiara,SB,-9.4333,159.95,82.81,72,100,2.13,overcast clouds
607,Kineta,GR,37.9709,23.2183,66.25,68,100,7.92,overcast clouds
608,Tanout,NE,14.9709,8.8879,87.76,17,17,4.94,few clouds
609,Kang,BW,-23.6752,22.7876,65.1,58,82,3.31,broken clouds
610,Guanambi,BR,-14.2233,-42.7814,75.06,45,72,5.55,broken clouds
611,Ilek,RU,51.5271,53.3831,46.04,60,100,10.04,overcast clouds
612,Morondava,MG,-20.2833,44.2833,77.36,70,0,4.83,clear sky
613,Shitanjing,CN,39.2342,106.3439,39.36,19,100,3.83,overcast clouds
614,Kansanshi,ZM,-12.0951,26.4273,62.33,80,98,2.82,overcast clouds
615,Farmington,US,36.7281,-108.2187,68.14,16,0,26.46,clear sky
616,Porto Novo,BJ,6.4965,2.6036,76.82,79,100,6.91,light rain
617,Kem,RU,64.9555,34.5793,27.32,78,98,9.57,overcast clouds
618,Ixtapa,MX,20.7,-105.2,93.43,20,0,8.12,clear sky
619,Springdale,US,36.1867,-94.1288,79.68,60,40,26.46,scattered clouds
620,Glinka,RU,54.6404,32.8781,32.56,80,55,4.07,broken clouds
621,Synya,RU,65.3718,58.0387,24.89,92,94,13.76,snow
622,Port Hawkesbury,CA,45.6169,-61.3485,43.97,94,100,9.22,mist
623,Funtua,NG,11.5233,7.3081,85.41,31,74,6.85,broken clouds
624,Calabaca,PH,14.3001,122.4336,77.92,90,82,4.65,broken clouds
625,Carutapera,BR,-1.195,-46.02,77.29,88,100,5.79,overcast clouds
626,Terra Santa,BR,-2.1042,-56.4869,76.89,91,96,3.69,overcast clouds
627,Porangatu,BR,-13.4408,-49.1486,75.72,54,1,2.68,clear sky
628,Tornio,FI,65.8481,24.1466,32.02,88,94,5.53,overcast clouds
629,Nizhniy Odes,RU,63.6445,54.856,28.24,91,98,2.57,light snow
630,Shakiso,ET,5.75,38.9167,58.28,98,74,3.06,broken clouds
631,San Luis,AR,-33.295,-66.3356,53.89,42,0,6.08,clear sky
632,Palauig,PH,15.435,119.9045,81.99,71,100,3.38,overcast clouds
633,Kupino,RU,54.3663,77.2981,59.34,49,100,7.96,overcast clouds
634,Norilsk,RU,69.3535,88.2027,-1.52,96,81,3.24,broken clouds
635,Cooma,AU,-36.2333,149.1333,53.37,71,100,3.44,light rain
636,Los Llanos De Aridane,ES,28.6585,-17.9182,62.35,92,40,13.8,scattered clouds
637,Baykit,RU,61.67,96.37,42.15,99,96,4.16,overcast clouds
638,Vestmannaeyjar,IS,63.4427,-20.2734,47.79,84,36,13.38,scattered clouds
639,Soeng Sang,TH,14.4264,102.4606,74.12,93,98,8.03,overcast clouds
640,North Myrtle Beach,US,33.816,-78.68,74.28,59,0,9.22,clear sky
641,Yarada,IN,17.65,83.2667,84.52,84,20,5.75,few clouds
642,Suzun,RU,53.7841,82.3116,54.95,54,100,4.27,overcast clouds
643,Marsaxlokk,MT,35.8419,14.5431,64.08,63,0,3.44,clear sky
644,Emerald,AU,-23.5333,148.1667,66.34,100,2,9.22,clear sky
645,Algiers,DZ,36.7525,3.042,58.82,94,40,3.44,scattered clouds
646,Urucara,BR,-2.5364,-57.76,76.1,96,100,1.92,moderate rain
647,Siyana,IN,28.6277,78.0599,88.9,13,3,4.12,clear sky
648,Pringsewu,ID,-5.3582,104.9744,74.59,95,38,4.54,scattered clouds
649,Mtwara,TZ,-10.2667,40.1833,73.51,87,47,9.19,scattered clouds
650,Krutinka,RU,56.0055,71.5113,43.23,82,82,13.09,broken clouds
651,Zaigrayevo,RU,51.8336,108.2703,36.5,88,100,4.52,light rain
652,Snezhnogorsk,RU,69.1933,33.2531,26.38,81,96,17.13,overcast clouds
653,Varkaus,FI,62.3153,27.873,26.31,94,51,3.71,broken clouds
654,Svetlogorsk,BY,52.6333,29.7333,40.66,77,59,4.36,broken clouds
655,Candido De Abreu,BR,-24.5669,-51.3333,68.05,95,94,2.66,overcast clouds
656,Ano Komi,GR,40.2333,21.8333,60.06,71,100,3.44,overcast clouds
657,Moussoro,TD,13.6408,16.4901,91.33,21,85,5.26,overcast clouds
658,Hobyo,SO,5.3505,48.5268,83.75,72,87,8.72,overcast clouds
659,Seoul,KR,37.5683,126.9778,53.17,60,0,5.75,clear sky
660,Biak,ID,-0.9131,122.8766,76.17,85,76,4.41,broken clouds
661,Jiaocheng,CN,24.6774,116.1389,67.51,95,99,2.55,overcast clouds
662,Maceio,BR,-9.6658,-35.7353,76.44,83,75,2.3,broken clouds
663,Francisco Beltrao,BR,-26.0811,-53.055,65.84,98,27,4.27,scattered clouds
664,Benguela,AO,-12.5763,13.4055,76.82,86,38,1.3,scattered clouds
665,Arawa,PG,-6.2132,155.5367,83.32,71,100,2.04,overcast clouds
666,Shepsi,RU,44.0361,39.1489,56.39,95,7,2.66,clear sky
667,Muisne,EC,0.6,-80.0333,78.44,86,100,11.48,overcast clouds
668,Ornskoldsvik,SE,63.2909,18.7153,36.55,64,100,10.36,overcast clouds
669,Chimoio,MZ,-19.1164,33.4833,62.46,88,0,3.04,clear sky
670,Nelson,NZ,-41.2833,173.2833,57.69,87,3,1.99,clear sky
671,Batticaloa,LK,7.7102,81.6924,80.2,82,99,5.41,overcast clouds
672,Strezhevoy,RU,60.7333,77.5889,30.43,86,100,6.2,overcast clouds
673,Shirokiy,RU,49.758,129.523,42.62,56,100,7.45,overcast clouds
674,Agirish,RU,61.9247,63.0231,22.41,90,26,5.64,scattered clouds
675,Jaru,BR,-10.4389,-62.4664,78.01,84,100,2.57,overcast clouds
676,Sarh,TD,9.1429,18.3923,87.71,51,0,9.22,clear sky
677,Oistins,BB,13.0667,-59.5333,82.49,83,20,13.8,few clouds
678,Mahibadhoo,MV,3.7833,72.9667,85.59,72,100,12.53,moderate rain
679,Manokwari,ID,-0.8667,134.0833,78.85,79,100,4.45,overcast clouds
680,Nome,US,64.5011,-165.4064,41.11,70,0,17.27,clear sky
681,Tomatlan,MX,19.9333,-105.25,98.33,16,0,16.37,clear sky
682,Tomigusuku,JP,26.185,127.675,71.37,81,75,9.22,broken clouds
683,Pio Xii,BR,-3.8325,-45.1525,75.42,95,100,2.93,moderate rain
684,Boueni,YT,-12.9025,45.0761,78.78,79,66,7.83,light rain
685,Ipixuna,BR,-1.7625,-48.8043,75.67,96,100,3.44,moderate rain
686,Ulcinj,ME,41.9294,19.2244,64.62,67,36,10.74,scattered clouds
687,Mawlaik,MM,23.6333,94.4167,77.05,39,1,1.57,clear sky
688,Tukums,LV,56.9669,23.1553,34.95,78,63,4.7,broken clouds
689,Taga,RO,46.95,24.05,48.52,85,85,2.46,overcast clouds
690,Aksu,CN,41.1231,80.2644,59.36,36,95,4.7,overcast clouds
691,Ucluelet,CA,48.9329,-125.5528,53.1,80,100,1.01,overcast clouds
692,Trairi,BR,-3.2778,-39.2689,76.57,91,96,6.67,overcast clouds
693,Karratha,AU,-20.7377,116.8463,74.79,65,99,11.34,overcast clouds
694,Wageningen,NL,51.9667,5.6667,48.29,77,100,9.22,overcast clouds
695,Natitingou,BJ,10.3042,1.3796,85.24,40,95,6.62,overcast clouds
696,Khasan,RU,42.4308,130.6434,45.34,83,100,10.94,overcast clouds
697,Mecca,SA,21.4267,39.8261,85.35,44,0,1.81,clear sky
698,Pamanukan,ID,-6.2842,107.8106,77.25,90,93,5.59,overcast clouds
699,Kenora,CA,49.8167,-94.4337,47.37,53,100,11.5,overcast clouds
700,Chiredzi,ZW,-21.05,31.6667,61.97,65,0,5.32,clear sky
701,Ballina,AU,-28.8667,153.5667,66.38,96,40,0.0,scattered clouds
702,Ust-Nera,RU,64.5667,143.2,18.91,92,99,2.44,overcast clouds
703,Bassano,CA,50.7834,-112.4685,54.63,35,100,6.85,overcast clouds
